,pid,grp,duration
0,0,Begin,1
0,0,Mexico,4
0,0,Begin,1
1,1,Begin,1
1,1,Mexico,4
1,1,Begin,1
2,2,Begin,1
2,2,US,4
2,2,Begin,1
3,3,Begin,1
3,3,Other,4
3,3,Begin,1
4,4,Begin,1
4,4,Other,4
4,4,Begin,1
5,5,Begin,1
5,5,Other,4
5,5,Begin,1
6,6,Begin,1
6,6,Other,4
6,6,Begin,1
7,7,Begin,1
7,7,Mexico,4
7,7,Begin,1
8,8,Begin,1
8,8,Mexico,4
8,8,Begin,1
9,9,Begin,1
9,9,Mexico,4
9,9,Begin,1
10,10,Begin,1
10,10,Other,4
10,10,Begin,1
11,11,Begin,1
11,11,Colombia,4
11,11,Begin,1
12,12,Begin,1
12,12,Mexico,4
12,12,Begin,1
13,13,Begin,1
13,13,Other,4
13,13,Begin,1
14,14,Begin,1
14,14,Mexico,4
14,14,Begin,1
15,15,Begin,1
15,15,Brazil,4
15,15,Begin,1
16,16,Begin,1
16,16,Peru,4
16,16,Begin,1
17,17,Begin,1
17,17,Mexico,4
17,17,Begin,1
18,18,Begin,1
18,18,Mexico,4
18,18,Begin,1
19,19,Begin,1
19,19,Peru,4
19,19,Begin,1
20,20,Begin,1
20,20,Other,4
20,20,Begin,1
21,21,Begin,1
21,21,Mexico,4
21,21,Begin,1
22,22,Begin,1
22,22,Brazil,4
22,22,Begin,1
23,23,Begin,1
23,23,Other,4
23,23,Begin,1
24,24,Begin,1
24,24,Peru,4
24,24,Begin,1
25,25,Begin,1
25,25,Other,4
25,25,Begin,1
26,26,Begin,1
26,26,Peru,4
26,26,Begin,1
27,27,Begin,1
27,27,Brazil,4
27,27,Begin,1
28,28,Begin,1
28,28,Peru,4
28,28,Begin,1
29,29,Begin,1
29,29,Mexico,4
29,29,Begin,1
30,30,Begin,1
30,30,Mexico,4
30,30,Begin,1
31,31,Begin,1
31,31,Peru,4
31,31,Begin,1
32,32,Begin,1
32,32,Other,4
32,32,Begin,1
33,33,Begin,1
33,33,Peru,4
33,33,Begin,1
34,34,Begin,1
34,34,Mexico,4
34,34,Begin,1
35,35,Begin,1
35,35,Other,4
35,35,Begin,1
36,36,Begin,1
36,36,Peru,4
36,36,Begin,1
37,37,Begin,1
37,37,Peru,4
37,37,Begin,1
38,38,Begin,1
38,38,Mexico,4
38,38,Begin,1
39,39,Begin,1
39,39,Mexico,4
39,39,Begin,1
40,40,Begin,1
40,40,Brazil,4
40,40,Begin,1
41,41,Begin,1
41,41,Mexico,4
41,41,Begin,1
42,42,Begin,1
42,42,Other,4
42,42,Begin,1
43,43,Begin,1
43,43,Other,4
43,43,Begin,1
44,44,Begin,1
44,44,Peru,4
44,44,Begin,1
45,45,Begin,1
45,45,US,4
45,45,Begin,1
46,46,Begin,1
46,46,Other,4
46,46,Begin,1
47,47,Begin,1
47,47,Chile,4
47,47,Begin,1
48,48,Begin,1
48,48,Peru,4
48,48,Begin,1
49,49,Begin,1
49,49,US,4
49,49,Begin,1
50,50,Begin,1
50,50,Peru,4
50,50,Begin,1
51,51,Begin,1
51,51,Other,4
51,51,Begin,1
52,52,Begin,1
52,52,Colombia,4
52,52,Begin,1
53,53,Begin,1
53,53,Peru,4
53,53,Begin,1
54,54,Begin,1
54,54,Other,4
54,54,Begin,1
55,55,Begin,1
55,55,Peru,4
55,55,Begin,1
56,56,Begin,1
56,56,Mexico,4
56,56,Begin,1
57,57,Begin,1
57,57,Peru,4
57,57,Begin,1
58,58,Begin,1
58,58,US,4
58,58,Begin,1
59,59,Begin,1
59,59,Other,4
59,59,Begin,1
60,60,Begin,1
60,60,Mexico,4
60,60,Begin,1
61,61,Begin,1
61,61,Other,4
61,61,Begin,1
62,62,Begin,1
62,62,Mexico,4
62,62,Begin,1
63,63,Begin,1
63,63,Peru,4
63,63,Begin,1
64,64,Begin,1
64,64,Other,4
64,64,Begin,1
65,65,Begin,1
65,65,US,4
65,65,Begin,1
66,66,Begin,1
66,66,Brazil,4
66,66,Begin,1
67,67,Begin,1
67,67,Chile,4
67,67,Begin,1
68,68,Begin,1
68,68,US,4
68,68,Begin,1
69,69,Begin,1
69,69,Other,4
69,69,Begin,1
70,70,Begin,1
70,70,Other,4
70,70,Begin,1
71,71,Begin,1
71,71,Mexico,4
71,71,Begin,1
72,72,Begin,1
72,72,Mexico,4
72,72,Begin,1
73,73,Begin,1
73,73,US,4
73,73,Begin,1
74,74,Begin,1
74,74,US,4
74,74,Begin,1
75,75,Begin,1
75,75,Peru,4
75,75,Begin,1
76,76,Begin,1
76,76,Chile,4
76,76,Begin,1
77,77,Begin,1
77,77,Other,4
77,77,Begin,1
78,78,Begin,1
78,78,US,4
78,78,Begin,1
79,79,Begin,1
79,79,Other,4
79,79,Begin,1
80,80,Begin,1
80,80,Chile,4
80,80,Begin,1
81,81,Begin,1
81,81,Chile,4
81,81,Begin,1
82,82,Begin,1
82,82,US,4
82,82,Begin,1
83,83,Begin,1
83,83,Other,4
83,83,Begin,1
84,84,Begin,1
84,84,Chile,4
84,84,Begin,1
85,85,Begin,1
85,85,Mexico,4
85,85,Begin,1
86,86,Begin,1
86,86,Peru,4
86,86,Begin,1
87,87,Begin,1
87,87,Chile,4
87,87,Begin,1
88,88,Begin,1
88,88,Peru,4
88,88,Begin,1
89,89,Begin,1
89,89,US,4
89,89,Begin,1
90,90,Begin,1
90,90,Chile,4
90,90,Begin,1
91,91,Begin,1
91,91,Peru,4
91,91,Begin,1
92,92,Begin,1
92,92,Mexico,4
92,92,Begin,1
93,93,Begin,1
93,93,Colombia,4
93,93,Begin,1
94,94,Begin,1
94,94,Other,4
94,94,Begin,1
95,95,Begin,1
95,95,Chile,4
95,95,Begin,1
96,96,Begin,1
96,96,Other,4
96,96,Begin,1
97,97,Begin,1
97,97,Other,4
97,97,Begin,1
98,98,Begin,1
98,98,Other,4
98,98,Begin,1
99,99,Begin,1
99,99,Chile,4
99,99,Begin,1
100,100,Begin,1
100,100,US,4
100,100,Begin,1
101,101,Begin,1
101,101,Mexico,4
101,101,Begin,1
102,102,Begin,1
102,102,Other,4
102,102,Begin,1
103,103,Begin,1
103,103,Colombia,4
103,103,Begin,1
104,104,Begin,1
104,104,Chile,4
104,104,Begin,1
105,105,Begin,1
105,105,US,4
105,105,Begin,1
106,106,Begin,1
106,106,Mexico,4
106,106,Begin,1
107,107,Begin,1
107,107,Other,4
107,107,Begin,1
108,108,Begin,1
108,108,Other,4
108,108,Begin,1
109,109,Begin,1
109,109,US,4
109,109,Begin,1
110,110,Begin,1
110,110,Chile,4
110,110,Begin,1
111,111,Begin,1
111,111,Peru,4
111,111,Begin,1
112,112,Begin,1
112,112,Brazil,4
112,112,Begin,1
113,113,Begin,1
113,113,Mexico,4
113,113,Begin,1
114,114,Begin,1
114,114,Chile,4
114,114,Begin,1
115,115,Begin,1
115,115,US,4
115,115,Begin,1
116,116,Begin,1
116,116,Peru,4
116,116,Begin,1
117,117,Begin,1
117,117,Peru,4
117,117,Begin,1
118,118,Begin,1
118,118,Peru,4
118,118,Begin,1
119,119,Begin,1
119,119,Other,4
119,119,Begin,1
120,120,Begin,1
120,120,Mexico,4
120,120,Begin,1
121,121,Begin,1
121,121,Peru,4
121,121,Begin,1
122,122,Begin,1
122,122,Mexico,4
122,122,Begin,1
123,123,Begin,1
123,123,Mexico,4
123,123,Begin,1
124,124,Begin,1
124,124,Mexico,4
124,124,Begin,1
125,125,Begin,1
125,125,Peru,4
125,125,Begin,1
126,126,Begin,1
126,126,Mexico,4
126,126,Begin,1
127,127,Begin,1
127,127,Other,4
127,127,Begin,1
128,128,Begin,1
128,128,Other,4
128,128,Begin,1
129,129,Begin,1
129,129,Other,4
129,129,Begin,1
130,130,Begin,1
130,130,US,4
130,130,Begin,1
131,131,Begin,1
131,131,Colombia,4
131,131,Begin,1
132,132,Begin,1
132,132,Peru,4
132,132,Begin,1
133,133,Begin,1
133,133,Brazil,4
133,133,Begin,1
134,134,Begin,1
134,134,Peru,4
134,134,Begin,1
135,135,Begin,1
135,135,Colombia,4
135,135,Begin,1
136,136,Begin,1
136,136,Mexico,4
136,136,Begin,1
137,137,Begin,1
137,137,Mexico,4
137,137,Begin,1
138,138,Begin,1
138,138,Colombia,4
138,138,Begin,1
139,139,Begin,1
139,139,Peru,4
139,139,Begin,1
140,140,Begin,1
140,140,Peru,4
140,140,Begin,1
141,141,Begin,1
141,141,Brazil,4
141,141,Begin,1
142,142,Begin,1
142,142,Mexico,4
142,142,Begin,1
143,143,Begin,1
143,143,Other,4
143,143,Begin,1
144,144,Begin,1
144,144,Chile,4
144,144,Begin,1
145,145,Begin,1
145,145,Chile,4
145,145,Begin,1
146,146,Begin,1
146,146,Other,4
146,146,Begin,1
147,147,Begin,1
147,147,Other,4
147,147,Begin,1
148,148,Begin,1
148,148,Mexico,4
148,148,Begin,1
149,149,Begin,1
149,149,Other,4
149,149,Begin,1
150,150,Begin,1
150,150,Peru,4
150,150,Begin,1
151,151,Begin,1
151,151,Other,4
151,151,Begin,1
152,152,Begin,1
152,152,Mexico,4
152,152,Begin,1
153,153,Begin,1
153,153,Peru,4
153,153,Begin,1
154,154,Begin,1
154,154,US,4
154,154,Begin,1
155,155,Begin,1
155,155,US,4
155,155,Begin,1
156,156,Begin,1
156,156,Peru,4
156,156,Begin,1
157,157,Begin,1
157,157,Mexico,4
157,157,Begin,1
158,158,Begin,1
158,158,US,4
158,158,Begin,1
159,159,Begin,1
159,159,Other,4
159,159,Begin,1
160,160,Begin,1
160,160,Peru,4
160,160,Begin,1
161,161,Begin,1
161,161,Mexico,4
161,161,Begin,1
162,162,Begin,1
162,162,Brazil,4
162,162,Begin,1
163,163,Begin,1
163,163,Mexico,4
163,163,Begin,1
164,164,Begin,1
164,164,Peru,4
164,164,Begin,1
165,165,Begin,1
165,165,Mexico,4
165,165,Begin,1
166,166,Begin,1
166,166,Other,4
166,166,Begin,1
167,167,Begin,1
167,167,Mexico,4
167,167,Begin,1
168,168,Begin,1
168,168,Other,4
168,168,Begin,1
169,169,Begin,1
169,169,Peru,4
169,169,Begin,1
170,170,Begin,1
170,170,US,4
170,170,Begin,1
171,171,Begin,1
171,171,Other,4
171,171,Begin,1
172,172,Begin,1
172,172,Mexico,4
172,172,Begin,1
173,173,Begin,1
173,173,Mexico,4
173,173,Begin,1
174,174,Begin,1
174,174,Other,4
174,174,Begin,1
175,175,Begin,1
175,175,Peru,4
175,175,Begin,1
176,176,Begin,1
176,176,Peru,4
176,176,Begin,1
177,177,Begin,1
177,177,Brazil,4
177,177,Begin,1
178,178,Begin,1
178,178,Peru,4
178,178,Begin,1
179,179,Begin,1
179,179,Chile,4
179,179,Begin,1
180,180,Begin,1
180,180,Colombia,4
180,180,Begin,1
181,181,Begin,1
181,181,Colombia,4
181,181,Begin,1
182,182,Begin,1
182,182,Brazil,4
182,182,Begin,1
183,183,Begin,1
183,183,Other,4
183,183,Begin,1
184,184,Begin,1
184,184,Brazil,4
184,184,Begin,1
185,185,Begin,1
185,185,Other,4
185,185,Begin,1
186,186,Begin,1
186,186,Mexico,4
186,186,Begin,1
187,187,Begin,1
187,187,Chile,4
187,187,Begin,1
188,188,Begin,1
188,188,US,4
188,188,Begin,1
189,189,Begin,1
189,189,Brazil,4
189,189,Begin,1
190,190,Begin,1
190,190,Other,4
190,190,Begin,1
191,191,Begin,1
191,191,Mexico,4
191,191,Begin,1
192,192,Begin,1
192,192,Mexico,4
192,192,Begin,1
193,193,Begin,1
193,193,Brazil,4
193,193,Begin,1
194,194,Begin,1
194,194,Peru,4
194,194,Begin,1
195,195,Begin,1
195,195,Mexico,4
195,195,Begin,1
196,196,Begin,1
196,196,Brazil,4
196,196,Begin,1
197,197,Begin,1
197,197,Mexico,4
197,197,Begin,1
198,198,Begin,1
198,198,Mexico,4
198,198,Begin,1
199,199,Begin,1
199,199,Mexico,4
199,199,Begin,1
200,200,Begin,1
200,200,Other,4
200,200,Begin,1
201,201,Begin,1
201,201,Mexico,4
201,201,Begin,1
202,202,Begin,1
202,202,US,4
202,202,Begin,1
203,203,Begin,1
203,203,Peru,4
203,203,Begin,1
204,204,Begin,1
204,204,Peru,4
204,204,Begin,1
205,205,Begin,1
205,205,Other,4
205,205,Begin,1
206,206,Begin,1
206,206,Chile,4
206,206,Begin,1
207,207,Begin,1
207,207,US,4
207,207,Begin,1
208,208,Begin,1
208,208,Mexico,4
208,208,Begin,1
209,209,Begin,1
209,209,Peru,4
209,209,Begin,1
210,210,Begin,1
210,210,Chile,4
210,210,Begin,1
211,211,Begin,1
211,211,Mexico,4
211,211,Begin,1
212,212,Begin,1
212,212,Colombia,4
212,212,Begin,1
213,213,Begin,1
213,213,Other,4
213,213,Begin,1
214,214,Begin,1
214,214,Peru,4
214,214,Begin,1
215,215,Begin,1
215,215,Other,4
215,215,Begin,1
216,216,Begin,1
216,216,Other,4
216,216,Begin,1
217,217,Begin,1
217,217,Mexico,4
217,217,Begin,1
218,218,Begin,1
218,218,Colombia,4
218,218,Begin,1
219,219,Begin,1
219,219,Mexico,4
219,219,Begin,1
220,220,Begin,1
220,220,Mexico,4
220,220,Begin,1
221,221,Begin,1
221,221,Peru,4
221,221,Begin,1
222,222,Begin,1
222,222,Colombia,4
222,222,Begin,1
223,223,Begin,1
223,223,Chile,4
223,223,Begin,1
224,224,Begin,1
224,224,Chile,4
224,224,Begin,1
225,225,Begin,1
225,225,Chile,4
225,225,Begin,1
226,226,Begin,1
226,226,US,4
226,226,Begin,1
227,227,Begin,1
227,227,US,4
227,227,Begin,1
228,228,Begin,1
228,228,Mexico,4
228,228,Begin,1
229,229,Begin,1
229,229,Colombia,4
229,229,Begin,1
230,230,Begin,1
230,230,Peru,4
230,230,Begin,1
231,231,Begin,1
231,231,Brazil,4
231,231,Begin,1
232,232,Begin,1
232,232,US,4
232,232,Begin,1
233,233,Begin,1
233,233,US,4
233,233,Begin,1
234,234,Begin,1
234,234,Peru,4
234,234,Begin,1
235,235,Begin,1
235,235,Other,4
235,235,Begin,1
236,236,Begin,1
236,236,Mexico,4
236,236,Begin,1
237,237,Begin,1
237,237,Other,4
237,237,Begin,1
238,238,Begin,1
238,238,US,4
238,238,Begin,1
239,239,Begin,1
239,239,Peru,4
239,239,Begin,1
240,240,Begin,1
240,240,Colombia,4
240,240,Begin,1
241,241,Begin,1
241,241,Peru,4
241,241,Begin,1
242,242,Begin,1
242,242,US,4
242,242,Begin,1
243,243,Begin,1
243,243,Brazil,4
243,243,Begin,1
244,244,Begin,1
244,244,Brazil,4
244,244,Begin,1
245,245,Begin,1
245,245,US,4
245,245,Begin,1
246,246,Begin,1
246,246,US,4
246,246,Begin,1
247,247,Begin,1
247,247,Mexico,4
247,247,Begin,1
248,248,Begin,1
248,248,US,4
248,248,Begin,1
249,249,Begin,1
249,249,Other,4
249,249,Begin,1
250,250,Begin,1
250,250,Mexico,4
250,250,Begin,1
251,251,Begin,1
251,251,Peru,4
251,251,Begin,1
252,252,Begin,1
252,252,Brazil,4
252,252,Begin,1
253,253,Begin,1
253,253,US,4
253,253,Begin,1
254,254,Begin,1
254,254,US,4
254,254,Begin,1
255,255,Begin,1
255,255,Colombia,4
255,255,Begin,1
256,256,Begin,1
256,256,US,4
256,256,Begin,1
257,257,Begin,1
257,257,US,4
257,257,Begin,1
258,258,Begin,1
258,258,Chile,4
258,258,Begin,1
259,259,Begin,1
259,259,Mexico,4
259,259,Begin,1
260,260,Begin,1
260,260,US,4
260,260,Begin,1
261,261,Begin,1
261,261,Mexico,4
261,261,Begin,1
262,262,Begin,1
262,262,Mexico,4
262,262,Begin,1
263,263,Begin,1
263,263,Colombia,4
263,263,Begin,1
264,264,Begin,1
264,264,Colombia,4
264,264,Begin,1
265,265,Begin,1
265,265,Chile,4
265,265,Begin,1
266,266,Begin,1
266,266,Other,4
266,266,Begin,1
267,267,Begin,1
267,267,Peru,4
267,267,Begin,1
268,268,Begin,1
268,268,US,4
268,268,Begin,1
269,269,Begin,1
269,269,Colombia,4
269,269,Begin,1
270,270,Begin,1
270,270,Brazil,4
270,270,Begin,1
271,271,Begin,1
271,271,Mexico,4
271,271,Begin,1
272,272,Begin,1
272,272,US,4
272,272,Begin,1
273,273,Begin,1
273,273,Mexico,4
273,273,Begin,1
274,274,Begin,1
274,274,Colombia,4
274,274,Begin,1
275,275,Begin,1
275,275,US,4
275,275,Begin,1
276,276,Begin,1
276,276,Mexico,4
276,276,Begin,1
277,277,Begin,1
277,277,Mexico,4
277,277,Begin,1
278,278,Begin,1
278,278,Peru,4
278,278,Begin,1
279,279,Begin,1
279,279,Brazil,4
279,279,Begin,1
280,280,Begin,1
280,280,Mexico,4
280,280,Begin,1
281,281,Begin,1
281,281,Peru,4
281,281,Begin,1
282,282,Begin,1
282,282,US,4
282,282,Begin,1
283,283,Begin,1
283,283,Other,4
283,283,Begin,1
284,284,Begin,1
284,284,Other,4
284,284,Begin,1
285,285,Begin,1
285,285,Mexico,4
285,285,Begin,1
286,286,Begin,1
286,286,Mexico,4
286,286,Begin,1
287,287,Begin,1
287,287,Chile,4
287,287,Begin,1
288,288,Begin,1
288,288,Mexico,4
288,288,Begin,1
289,289,Begin,1
289,289,Mexico,4
289,289,Begin,1
290,290,Begin,1
290,290,US,4
290,290,Begin,1
291,291,Begin,1
291,291,US,4
291,291,Begin,1
292,292,Begin,1
292,292,Mexico,4
292,292,Begin,1
293,293,Begin,1
293,293,US,4
293,293,Begin,1
294,294,Begin,1
294,294,Mexico,4
294,294,Begin,1
295,295,Begin,1
295,295,Peru,4
295,295,Begin,1
296,296,Begin,1
296,296,US,4
296,296,Begin,1
297,297,Begin,1
297,297,Brazil,4
297,297,Begin,1
298,298,Begin,1
298,298,Peru,4
298,298,Begin,1
299,299,Begin,1
299,299,Mexico,4
299,299,Begin,1
300,300,Begin,1
300,300,US,4
300,300,Begin,1
301,301,Begin,1
301,301,Chile,4
301,301,Begin,1
302,302,Begin,1
302,302,Mexico,4
302,302,Begin,1
303,303,Begin,1
303,303,Brazil,4
303,303,Begin,1
304,304,Begin,1
304,304,Colombia,4
304,304,Begin,1
305,305,Begin,1
305,305,Chile,4
305,305,Begin,1
306,306,Begin,1
306,306,Peru,4
306,306,Begin,1
307,307,Begin,1
307,307,Mexico,4
307,307,Begin,1
308,308,Begin,1
308,308,US,4
308,308,Begin,1
309,309,Begin,1
309,309,Mexico,4
309,309,Begin,1
310,310,Begin,1
310,310,Other,4
310,310,Begin,1
311,311,Begin,1
311,311,Mexico,4
311,311,Begin,1
312,312,Begin,1
312,312,US,4
312,312,Begin,1
313,313,Begin,1
313,313,Other,4
313,313,Begin,1
314,314,Begin,1
314,314,Mexico,4
314,314,Begin,1
315,315,Begin,1
315,315,Mexico,4
315,315,Begin,1
316,316,Begin,1
316,316,Colombia,4
316,316,Begin,1
317,317,Begin,1
317,317,Mexico,4
317,317,Begin,1
318,318,Begin,1
318,318,Other,4
318,318,Begin,1
319,319,Begin,1
319,319,Other,4
319,319,Begin,1
320,320,Begin,1
320,320,Mexico,4
320,320,Begin,1
321,321,Begin,1
321,321,Peru,4
321,321,Begin,1
322,322,Begin,1
322,322,Chile,4
322,322,Begin,1
323,323,Begin,1
323,323,US,4
323,323,Begin,1
324,324,Begin,1
324,324,Mexico,4
324,324,Begin,1
325,325,Begin,1
325,325,Peru,4
325,325,Begin,1
326,326,Begin,1
326,326,Chile,4
326,326,Begin,1
327,327,Begin,1
327,327,Colombia,4
327,327,Begin,1
328,328,Begin,1
328,328,US,4
328,328,Begin,1
329,329,Begin,1
329,329,Mexico,4
329,329,Begin,1
330,330,Begin,1
330,330,Chile,4
330,330,Begin,1
331,331,Begin,1
331,331,Peru,4
331,331,Begin,1
332,332,Begin,1
332,332,US,4
332,332,Begin,1
333,333,Begin,1
333,333,Peru,4
333,333,Begin,1
334,334,Begin,1
334,334,Brazil,4
334,334,Begin,1
335,335,Begin,1
335,335,US,4
335,335,Begin,1
336,336,Begin,1
336,336,Mexico,4
336,336,Begin,1
337,337,Begin,1
337,337,Peru,4
337,337,Begin,1
338,338,Begin,1
338,338,Mexico,4
338,338,Begin,1
339,339,Begin,1
339,339,Peru,4
339,339,Begin,1
340,340,Begin,1
340,340,Mexico,4
340,340,Begin,1
341,341,Begin,1
341,341,US,4
341,341,Begin,1
342,342,Begin,1
342,342,Colombia,4
342,342,Begin,1
343,343,Begin,1
343,343,Peru,4
343,343,Begin,1
344,344,Begin,1
344,344,Mexico,4
344,344,Begin,1
345,345,Begin,1
345,345,Peru,4
345,345,Begin,1
346,346,Begin,1
346,346,Peru,4
346,346,Begin,1
347,347,Begin,1
347,347,Mexico,4
347,347,Begin,1
348,348,Begin,1
348,348,Chile,4
348,348,Begin,1
349,349,Begin,1
349,349,Mexico,4
349,349,Begin,1
350,350,Begin,1
350,350,Colombia,4
350,350,Begin,1
351,351,Begin,1
351,351,Other,4
351,351,Begin,1
352,352,Begin,1
352,352,Peru,4
352,352,Begin,1
353,353,Begin,1
353,353,Mexico,4
353,353,Begin,1
354,354,Begin,1
354,354,US,4
354,354,Begin,1
355,355,Begin,1
355,355,Brazil,4
355,355,Begin,1
356,356,Begin,1
356,356,Other,4
356,356,Begin,1
357,357,Begin,1
357,357,Chile,4
357,357,Begin,1
358,358,Begin,1
358,358,Mexico,4
358,358,Begin,1
359,359,Begin,1
359,359,Chile,4
359,359,Begin,1
360,360,Begin,1
360,360,Colombia,4
360,360,Begin,1
361,361,Begin,1
361,361,Other,4
361,361,Begin,1
362,362,Begin,1
362,362,Mexico,4
362,362,Begin,1
363,363,Begin,1
363,363,Colombia,4
363,363,Begin,1
364,364,Begin,1
364,364,Peru,4
364,364,Begin,1
365,365,Begin,1
365,365,Mexico,4
365,365,Begin,1
366,366,Begin,1
366,366,US,4
366,366,Begin,1
367,367,Begin,1
367,367,Other,4
367,367,Begin,1
368,368,Begin,1
368,368,Peru,4
368,368,Begin,1
369,369,Begin,1
369,369,Mexico,4
369,369,Begin,1
370,370,Begin,1
370,370,Peru,4
370,370,Begin,1
371,371,Begin,1
371,371,US,4
371,371,Begin,1
372,372,Begin,1
372,372,Peru,4
372,372,Begin,1
373,373,Begin,1
373,373,Peru,4
373,373,Begin,1
374,374,Begin,1
374,374,Mexico,4
374,374,Begin,1
375,375,Begin,1
375,375,Brazil,4
375,375,Begin,1
376,376,Begin,1
376,376,Chile,4
376,376,Begin,1
377,377,Begin,1
377,377,Mexico,4
377,377,Begin,1
378,378,Begin,1
378,378,Peru,4
378,378,Begin,1
379,379,Begin,1
379,379,Mexico,4
379,379,Begin,1
380,380,Begin,1
380,380,US,4
380,380,Begin,1
381,381,Begin,1
381,381,Other,4
381,381,Begin,1
382,382,Begin,1
382,382,Other,4
382,382,Begin,1
383,383,Begin,1
383,383,Mexico,4
383,383,Begin,1
384,384,Begin,1
384,384,Chile,4
384,384,Begin,1
385,385,Begin,1
385,385,Mexico,4
385,385,Begin,1
386,386,Begin,1
386,386,Mexico,4
386,386,Begin,1
387,387,Begin,1
387,387,Peru,4
387,387,Begin,1
388,388,Begin,1
388,388,Mexico,4
388,388,Begin,1
389,389,Begin,1
389,389,Chile,4
389,389,Begin,1
390,390,Begin,1
390,390,Peru,4
390,390,Begin,1
391,391,Begin,1
391,391,Mexico,4
391,391,Begin,1
392,392,Begin,1
392,392,Mexico,4
392,392,Begin,1
393,393,Begin,1
393,393,Peru,4
393,393,Begin,1
394,394,Begin,1
394,394,Mexico,4
394,394,Begin,1
395,395,Begin,1
395,395,US,4
395,395,Begin,1
396,396,Begin,1
396,396,Colombia,4
396,396,Begin,1
397,397,Begin,1
397,397,Mexico,4
397,397,Begin,1
398,398,Begin,1
398,398,US,4
398,398,Begin,1
399,399,Begin,1
399,399,Peru,4
399,399,Begin,1
400,400,Begin,1
400,400,Brazil,4
400,400,Begin,1
401,401,Begin,1
401,401,Mexico,4
401,401,Begin,1
402,402,Begin,1
402,402,Other,4
402,402,Begin,1
403,403,Begin,1
403,403,Peru,4
403,403,Begin,1
404,404,Begin,1
404,404,Other,4
404,404,Begin,1
405,405,Begin,1
405,405,Peru,4
405,405,Begin,1
406,406,Begin,1
406,406,Chile,4
406,406,Begin,1
407,407,Begin,1
407,407,Other,4
407,407,Begin,1
408,408,Begin,1
408,408,Chile,4
408,408,Begin,1
409,409,Begin,1
409,409,Mexico,4
409,409,Begin,1
410,410,Begin,1
410,410,Peru,4
410,410,Begin,1
411,411,Begin,1
411,411,Peru,4
411,411,Begin,1
412,412,Begin,1
412,412,Colombia,4
412,412,Begin,1
413,413,Begin,1
413,413,Chile,4
413,413,Begin,1
414,414,Begin,1
414,414,Peru,4
414,414,Begin,1
415,415,Begin,1
415,415,Chile,4
415,415,Begin,1
416,416,Begin,1
416,416,US,4
416,416,Begin,1
417,417,Begin,1
417,417,Mexico,4
417,417,Begin,1
418,418,Begin,1
418,418,Mexico,4
418,418,Begin,1
419,419,Begin,1
419,419,Brazil,4
419,419,Begin,1
420,420,Begin,1
420,420,US,4
420,420,Begin,1
421,421,Begin,1
421,421,Peru,4
421,421,Begin,1
422,422,Begin,1
422,422,Peru,4
422,422,Begin,1
423,423,Begin,1
423,423,Peru,4
423,423,Begin,1
424,424,Begin,1
424,424,Peru,4
424,424,Begin,1
425,425,Begin,1
425,425,Chile,4
425,425,Begin,1
426,426,Begin,1
426,426,Brazil,4
426,426,Begin,1
427,427,Begin,1
427,427,Other,4
427,427,Begin,1
428,428,Begin,1
428,428,Mexico,4
428,428,Begin,1
429,429,Begin,1
429,429,US,4
429,429,Begin,1
430,430,Begin,1
430,430,Peru,4
430,430,Begin,1
431,431,Begin,1
431,431,US,4
431,431,Begin,1
432,432,Begin,1
432,432,Colombia,4
432,432,Begin,1
433,433,Begin,1
433,433,US,4
433,433,Begin,1
434,434,Begin,1
434,434,Brazil,4
434,434,Begin,1
435,435,Begin,1
435,435,Peru,4
435,435,Begin,1
436,436,Begin,1
436,436,Other,4
436,436,Begin,1
437,437,Begin,1
437,437,Colombia,4
437,437,Begin,1
438,438,Begin,1
438,438,Peru,4
438,438,Begin,1
439,439,Begin,1
439,439,Peru,4
439,439,Begin,1
440,440,Begin,1
440,440,Mexico,4
440,440,Begin,1
441,441,Begin,1
441,441,Chile,4
441,441,Begin,1
442,442,Begin,1
442,442,Mexico,4
442,442,Begin,1
443,443,Begin,1
443,443,Other,4
443,443,Begin,1
444,444,Begin,1
444,444,Peru,4
444,444,Begin,1
445,445,Begin,1
445,445,Other,4
445,445,Begin,1
446,446,Begin,1
446,446,Chile,4
446,446,Begin,1
447,447,Begin,1
447,447,Peru,4
447,447,Begin,1
448,448,Begin,1
448,448,Peru,4
448,448,Begin,1
449,449,Begin,1
449,449,Colombia,4
449,449,Begin,1
450,450,Begin,1
450,450,Chile,4
450,450,Begin,1
451,451,Begin,1
451,451,Peru,4
451,451,Begin,1
452,452,Begin,1
452,452,Mexico,4
452,452,Begin,1
453,453,Begin,1
453,453,Other,4
453,453,Begin,1
454,454,Begin,1
454,454,Mexico,4
454,454,Begin,1
455,455,Begin,1
455,455,Brazil,4
455,455,Begin,1
456,456,Begin,1
456,456,Brazil,4
456,456,Begin,1
457,457,Begin,1
457,457,Brazil,4
457,457,Begin,1
458,458,Begin,1
458,458,Mexico,4
458,458,Begin,1
459,459,Begin,1
459,459,Other,4
459,459,Begin,1
460,460,Begin,1
460,460,Peru,4
460,460,Begin,1
461,461,Begin,1
461,461,Mexico,4
461,461,Begin,1
462,462,Begin,1
462,462,Chile,4
462,462,Begin,1
463,463,Begin,1
463,463,Mexico,4
463,463,Begin,1
464,464,Begin,1
464,464,Brazil,4
464,464,Begin,1
465,465,Begin,1
465,465,Peru,4
465,465,Begin,1
466,466,Begin,1
466,466,Chile,4
466,466,Begin,1
467,467,Begin,1
467,467,Mexico,4
467,467,Begin,1
468,468,Begin,1
468,468,US,4
468,468,Begin,1
469,469,Begin,1
469,469,Chile,4
469,469,Begin,1
470,470,Begin,1
470,470,Peru,4
470,470,Begin,1
471,471,Begin,1
471,471,Peru,4
471,471,Begin,1
472,472,Begin,1
472,472,Colombia,4
472,472,Begin,1
473,473,Begin,1
473,473,Mexico,4
473,473,Begin,1
474,474,Begin,1
474,474,Peru,4
474,474,Begin,1
475,475,Begin,1
475,475,US,4
475,475,Begin,1
476,476,Begin,1
476,476,Other,4
476,476,Begin,1
477,477,Begin,1
477,477,Colombia,4
477,477,Begin,1
478,478,Begin,1
478,478,Peru,4
478,478,Begin,1
479,479,Begin,1
479,479,US,4
479,479,Begin,1
480,480,Begin,1
480,480,Peru,4
480,480,Begin,1
481,481,Begin,1
481,481,US,4
481,481,Begin,1
482,482,Begin,1
482,482,Peru,4
482,482,Begin,1
483,483,Begin,1
483,483,Other,4
483,483,Begin,1
484,484,Begin,1
484,484,Other,4
484,484,Begin,1
485,485,Begin,1
485,485,Mexico,4
485,485,Begin,1
486,486,Begin,1
486,486,Peru,4
486,486,Begin,1
487,487,Begin,1
487,487,Mexico,4
487,487,Begin,1
488,488,Begin,1
488,488,Other,4
488,488,Begin,1
489,489,Begin,1
489,489,Mexico,4
489,489,Begin,1
490,490,Begin,1
490,490,Chile,4
490,490,Begin,1
491,491,Begin,1
491,491,Mexico,4
491,491,Begin,1
492,492,Begin,1
492,492,Brazil,4
492,492,Begin,1
493,493,Begin,1
493,493,US,4
493,493,Begin,1
494,494,Begin,1
494,494,Other,4
494,494,Begin,1
495,495,Begin,1
495,495,Mexico,4
495,495,Begin,1
496,496,Begin,1
496,496,US,4
496,496,Begin,1
497,497,Begin,1
497,497,Peru,4
497,497,Begin,1
498,498,Begin,1
498,498,Peru,4
498,498,Begin,1
499,499,Begin,1
499,499,Chile,4
499,499,Begin,1
